Model,Accuracy
Tabular Predictor,0.877742946708464
Tabular Predictor NN,0.8307210031347962
Mutli Modal,0.8197492163009404
